window_id,run_id,window_start_sec,window_end_sec,wheel_translation_sample_count,wheel_translation_availability_fraction,wheel_translation_error_abs_mean,wheel_translation_error_abs_p90,wheel_translation_error_rmse,wheel_translation_within_tolerance_fraction,wheel_translation_tolerance,wheel_rotation_sample_count,wheel_rotation_availability_fraction,wheel_rotation_error_abs_mean,wheel_rotation_error_abs_p90,wheel_rotation_error_rmse,wheel_rotation_within_tolerance_fraction,wheel_rotation_tolerance,imu_yaw_rate_sample_count,imu_yaw_rate_availability_fraction,imu_yaw_rate_error_abs_mean,imu_yaw_rate_error_abs_p90,imu_yaw_rate_error_rmse,imu_yaw_rate_within_tolerance_fraction,imu_yaw_rate_tolerance,lidar_translation_sample_count,lidar_translation_availability_fraction,lidar_translation_error_abs_mean,lidar_translation_error_abs_p90,lidar_translation_error_rmse,lidar_translation_within_tolerance_fraction,lidar_translation_tolerance
17_ood_low_friction_mu_0p055_long_zone_p2l_v2:0000,17_ood_low_friction_mu_0p055_long_zone_p2l_v2,11.556000000000001,11.956000000000001,20.0,1.0,5.180962285757252e-19,8.193352811831617e-19,5.898477203071742e-19,1.0,0.06,20.0,1.0,7.3100872577440705e-19,1.1067372249376837e-18,8.04142458509036e-19,1.0,0.08,40.0,1.0,0.000194617398346422,0.0003797946774698024,0.00023505959088376203,1.0,0.08,6.0,1.0,0.01554789153084221,0.025939317142422962,0.01835438415385241,1.0,0.12
17_ood_low_friction_mu_0p055_long_zone_p2l_v2:0001,17_ood_low_friction_mu_0p055_long_zone_p2l_v2,11.756,12.156,20.0,1.0,5.112912963345801e-19,8.083844458051005e-19,5.83229354395698e-19,1.0,0.06,20.0,1.0,4.1596388117205996e-19,9.355431296546821e-19,5.293980866654973e-19,1.0,0.08,40.0,1.0,0.0001937886174156835,0.00034971532565666516,0.00022947946493886385,1.0,0.08,6.0,1.0,0.022568543509847393,0.03505070409378665,0.02584121876869065,1.0,0.12
17_ood_low_friction_mu_0p055_long_zone_p2l_v2:0002,17_ood_low_friction_mu_0p055_long_zone_p2l_v2,11.956,12.356,20.0,1.0,5.170076903777773e-19,7.4043978221681135e-19,5.65411681283192e-19,1.0,0.06,20.0,1.0,2.8941576454503513e-19,4.917707981796743e-19,3.3555429370525323e-19,1.0,0.08,40.0,1.0,0.00017300790379607615,0.0003427510745261837,0.00020963724952903474,1.0,0.08,6.0,1.0,0.018699899642899896,0.03505070409378665,0.022794892242315245,1.0,0.12
17_ood_low_friction_mu_0p055_long_zone_p2l_v2:0003,17_ood_low_friction_mu_0p055_long_zone_p2l_v2,12.155999999999999,12.556,20.0,1.0,5.329614665258412e-19,8.251123819542114e-19,5.780318895694392e-19,1.0,0.06,20.0,1.0,4.361328090158809e-19,6.927381834499023e-19,4.809519336594064e-19,1.0,0.08,40.0,1.0,0.00020436042184109315,0.00038554723914059857,0.0002500277428739656,1.0,0.08,6.0,1.0,0.010452936767129606,0.019818294270373446,0.01333937784218043,1.0,0.12
17_ood_low_friction_mu_0p055_long_zone_p2l_v2:0004,17_ood_low_friction_mu_0p055_long_zone_p2l_v2,12.355999999999998,12.755999999999998,20.0,1.0,5.459755322210965e-19,7.323452429974454e-19,5.759884450745157e-19,1.0,0.06,20.0,1.0,5.1542864218530695e-19,6.927555767405937e-19,5.407000896921421e-19,1.0,0.08,40.0,1.0,0.0002015630258299656,0.0003964769507169373,0.0002481901131216609,1.0,0.08,6.0,1.0,0.007328143756673982,0.016548020460609495,0.010684307471984986,1.0,0.12
17_ood_low_friction_mu_0p055_long_zone_p2l_v2:0005,17_ood_low_friction_mu_0p055_long_zone_p2l_v2,12.555999999999997,12.955999999999998,20.0,1.0,5.706129287910796e-19,7.712100855898207e-19,6.087510284511531e-19,1.0,0.06,20.0,1.0,5.074278553728351e-19,6.907128461846199e-19,5.361381509440488e-19,1.0,0.08,40.0,1.0,0.00016025146153295783,0.00031453390658539777,0.00019243403775335823,1.0,0.08,6.0,1.0,0.010614344275936494,0.02060628501993219,0.014300699469129872,1.0,0.12
17_ood_low_friction_mu_0p055_long_zone_p2l_v2:0006,17_ood_low_friction_mu_0p055_long_zone_p2l_v2,12.755999999999997,13.155999999999997,20.0,1.0,0.014754075085976804,0.05654556477505962,0.03147886383221207,0.9,0.06,20.0,1.0,1.9697127573119996e-15,5.7670084171000275e-15,3.13046299954061e-15,1.0,0.08,40.0,1.0,0.0001715769576306558,0.0003235124791268024,0.00021878823337180832,1.0,0.08,6.0,1.0,0.025604890909935302,0.05274642822964768,0.03430623403880217,1.0,0.12
17_ood_low_friction_mu_0p055_long_zone_p2l_v2:0007,17_ood_low_friction_mu_0p055_long_zone_p2l_v2,12.955999999999996,13.355999999999996,20.0,1.0,0.017529948996086935,0.05654556477505962,0.03204890006770095,0.9,0.06,20.0,1.0,2.418866785894456e-15,5.7670084171000275e-15,3.244193666340991e-15,1.0,0.08,40.0,1.0,0.00014760296618406316,0.00032691009108666385,0.00020796182502063666,1.0,0.08,6.0,1.0,0.02389925909334814,0.05274642822964768,0.032736081927830236,1.0,0.12
17_ood_low_friction_mu_0p055_long_zone_p2l_v2:0008,17_ood_low_friction_mu_0p055_long_zone_p2l_v2,13.155999999999995,13.555999999999996,20.0,1.0,0.003962811066269563,0.007373654125550334,0.006571311638130941,1.0,0.06,20.0,1.0,7.293160175957399e-16,6.67081727454847e-16,9.39013319935897e-16,1.0,0.08,40.0,1.0,0.00013024131373030076,0.00032539512796176675,0.00017355922738145928,1.0,0.08,6.0,1.0,0.015364161002147774,0.02970737756696018,0.020391577050069207,1.0,0.12
17_ood_low_friction_mu_0p055_long_zone_p2l_v2:0009,17_ood_low_friction_mu_0p055_long_zone_p2l_v2,13.355999999999995,13.755999999999995,20.0,1.0,0.0023738743125130356,0.00590291227129594,0.0037333655763785527,1.0,0.06,20.0,1.0,5.919480386099061e-16,6.41846365123946e-16,5.93072645930906e-16,1.0,0.08,40.0,1.0,0.00015736863625053833,0.0003510699149203063,0.00021351732436544583,1.0,0.08,6.0,1.0,0.014851029580110262,0.03579736892146167,0.021806917842494306,1.0,0.12
17_ood_low_friction_mu_0p055_long_zone_p2l_v2:0010,17_ood_low_friction_mu_0p055_long_zone_p2l_v2,13.555999999999994,13.955999999999994,20.0,1.0,0.0023738743127106306,0.005902912271295968,0.00373336557652359,1.0,0.06,20.0,1.0,6.660914066092002e-16,7.398475440687188e-16,6.679470956016942e-16,1.0,0.08,40.0,1.0,0.0001779196041699842,0.0003286789745748203,0.000229662618957003,1.0,0.08,6.0,1.0,0.019707206427644414,0.03593658862240892,0.02470827870749437,1.0,0.12
17_ood_low_friction_mu_0p055_long_zone_p2l_v2:0011,17_ood_low_friction_mu_0p055_long_zone_p2l_v2,13.755999999999993,14.155999999999993,20.0,1.0,0.0023738743127138737,0.005902912271295968,0.0037333655765234594,1.0,0.06,20.0,1.0,7.497952512967937e-16,8.089183739080808e-16,7.513609920589506e-16,1.0,0.08,40.0,1.0,0.00015027356598079953,0.0002778860905584674,0.00018716639027774564,1.0,0.08,6.0,1.0,0.03007026287636552,0.0518548873579108,0.03471857783457259,1.0,0.12
17_ood_low_friction_mu_0p055_long_zone_p2l_v2:0012,17_ood_low_friction_mu_0p055_long_zone_p2l_v2,13.955999999999992,14.355999999999993,20.0,1.0,0.0023738743127138862,0.005902912271295973,0.003733365576523464,1.0,0.06,20.0,1.0,8.28565114273512e-16,8.916228183895266e-16,8.299003237685202e-16,1.0,0.08,40.0,1.0,0.00014302819969815088,0.000284841030177946,0.00016963424894765827,1.0,0.08,6.0,1.0,0.0339655846933107,0.06307776803220362,0.03993587405405327,1.0,0.12
17_ood_low_friction_mu_0p055_long_zone_p2l_v2:0013,17_ood_low_friction_mu_0p055_long_zone_p2l_v2,14.155999999999992,14.555999999999992,20.0,1.0,0.002373874312713899,0.005902912271296024,0.0037333655765234663,1.0,0.06,20.0,1.0,9.1897456032897e-16,1.004173413211115e-15,9.212887748740777e-16,1.0,0.08,40.0,1.0,0.00017723505887507024,0.00030081348908066955,0.00019997912000575195,1.0,0.08,6.0,1.0,0.023549327481964016,0.04534306882411522,0.031129239093826307,1.0,0.12
17_ood_low_friction_mu_0p055_long_zone_p2l_v2:0014,17_ood_low_friction_mu_0p055_long_zone_p2l_v2,14.355999999999991,14.755999999999991,20.0,1.0,0.0023738743127138862,0.005902912271296107,0.003733365576523462,1.0,0.06,20.0,1.0,1.032367516244173e-15,1.1232208724995977e-15,1.0348028500250892e-15,1.0,0.08,40.0,1.0,0.00016502488877823758,0.0003023073350232191,0.00019376803103260097,1.0,0.08,6.0,1.0,0.030200433794250633,0.0654104225873352,0.04170952408319566,1.0,0.12
17_ood_low_friction_mu_0p055_long_zone_p2l_v2:0015,17_ood_low_friction_mu_0p055_long_zone_p2l_v2,14.55599999999999,14.95599999999999,20.0,1.0,0.002373874312714039,0.005902912271296107,0.0037333655765236047,1.0,0.06,20.0,1.0,1.1584216617688022e-15,1.2631738525293528e-15,1.1609260207943193e-15,1.0,0.08,40.0,1.0,0.0001484048843399601,0.00031858831847255835,0.00019362477383571858,1.0,0.08,6.0,1.0,0.030062118872932836,0.0654104225873352,0.04142150036124804,1.0,0.12
17_ood_low_friction_mu_0p055_long_zone_p2l_v2:0016,17_ood_low_friction_mu_0p055_long_zone_p2l_v2,14.75599999999999,15.15599999999999,20.0,1.0,0.002373874312714164,0.005902912271295982,0.0037333655765234633,1.0,0.06,20.0,1.0,1.2886142332967356e-15,1.3983541505371253e-15,1.2909661420438655e-15,1.0,0.08,40.0,1.0,0.00014546368926220935,0.0003530052687132658,0.00019363335872426153,1.0,0.08,6.0,1.0,0.0181723523903093,0.03141001782353241,0.021429540439782183,1.0,0.12
17_ood_low_friction_mu_0p055_long_zone_p2l_v2:0017,17_ood_low_friction_mu_0p055_long_zone_p2l_v2,14.955999999999989,15.35599999999999,20.0,1.0,0.002373874312714179,0.005902912271295968,0.0037333655765234633,1.0,0.06,20.0,1.0,1.4377126188157212e-15,1.5538108242028745e-15,1.4411014414097373e-15,1.0,0.08,40.0,1.0,0.00012975817359543333,0.0003032089997920321,0.00017135857155271288,1.0,0.08,6.0,1.0,0.020934776976492056,0.03631494861021742,0.024647621189922687,1.0,0.12
17_ood_low_friction_mu_0p055_long_zone_p2l_v2:0018,17_ood_low_friction_mu_0p055_long_zone_p2l_v2,15.155999999999988,15.555999999999989,20.0,1.0,0.0023738743127139305,0.005902912271295968,0.003733365576523477,1.0,0.06,20.0,1.0,1.6090779905849949e-15,1.7509531752220227e-15,1.612494056474408e-15,1.0,0.08,40.0,1.0,0.0001380996572414285,0.0002840271098363265,0.00017855946773151222,1.0,0.08,6.0,1.0,0.017934953604042864,0.03699289831696735,0.02304244684163664,1.0,0.12
17_ood_low_friction_mu_0p055_long_zone_p2l_v2:0019,17_ood_low_friction_mu_0p055_long_zone_p2l_v2,15.355999999999987,15.755999999999988,20.0,1.0,0.002373874312713735,0.005902912271295987,0.003733365576523526,1.0,0.06,20.0,1.0,1.796123658475233e-15,1.932617007706753e-15,1.799917599564233e-15,1.0,0.08,40.0,1.0,0.0001544183322738909,0.00032490854926248554,0.0001967568096443351,1.0,0.08,6.0,1.0,0.018476492938562007,0.03707926279950498,0.02303704714353286,1.0,0.12
17_ood_low_friction_mu_0p055_long_zone_p2l_v2:0020,17_ood_low_friction_mu_0p055_long_zone_p2l_v2,15.555999999999987,15.955999999999987,20.0,1.0,0.002373874312713853,0.005902912271295987,0.003733365576523654,1.0,0.06,20.0,1.0,1.9968378301666184e-15,2.181417411599807e-15,2.0005109627499988e-15,1.0,0.08,40.0,1.0,0.00013460867820915324,0.0002902698361095967,0.00017409689455690145,1.0,0.08,6.0,1.0,0.019448895508446428,0.03032080787366298,0.02168563463809999,1.0,0.12
17_ood_low_friction_mu_0p055_long_zone_p2l_v2:0021,17_ood_low_friction_mu_0p055_long_zone_p2l_v2,15.755999999999986,16.155999999999985,20.0,1.0,0.0014916148230690236,0.0059029122712958935,0.0029515131440176795,1.0,0.06,20.0,1.0,2.2382553066840333e-15,2.4554650723653917e-15,2.244292425053432e-15,1.0,0.08,40.0,1.0,0.00014556943346576587,0.00024830510053650495,0.00017693645919180506,1.0,0.08,6.0,1.0,0.014395591524769777,0.022870426425260826,0.01652760993346046,1.0,0.12
17_ood_low_friction_mu_0p055_long_zone_p2l_v2:0022,17_ood_low_friction_mu_0p055_long_zone_p2l_v2,15.955999999999985,16.355999999999984,20.0,1.0,0.0003152688368752224,2.1182340327913218e-05,0.001320092769881824,1.0,0.06,20.0,1.0,2.519530499882785e-15,2.730237168225673e-15,2.5247790224026843e-15,1.0,0.08,40.0,1.0,0.00017669940516943885,0.00032299581514159595,0.0002100357591073684,1.0,0.08,6.0,1.0,0.012239634729503823,0.024925597367949345,0.017385769200436784,1.0,0.12
17_ood_low_friction_mu_0p055_long_zone_p2l_v2:0023,17_ood_low_friction_mu_0p055_long_zone_p2l_v2,16.155999999999985,16.555999999999983,20.0,1.0,2.118234032616878e-05,2.1182340326778015e-05,2.1182340326168778e-05,1.0,0.06,20.0,1.0,2.804218048333375e-15,3.036879990597614e-15,2.8093170015627285e-15,1.0,0.08,40.0,1.0,0.00016439391228427336,0.0003343048044620966,0.0002060895799788844,1.0,0.08,6.0,1.0,0.02344878676886665,0.03930508327663751,0.02758264960991187,1.0,0.12
17_ood_low_friction_mu_0p055_long_zone_p2l_v2:0024,17_ood_low_friction_mu_0p055_long_zone_p2l_v2,16.355999999999984,16.755999999999982,20.0,1.0,2.118234032618266e-05,2.1182340326778015e-05,2.118234032618266e-05,1.0,0.06,20.0,1.0,3.1252735854457574e-15,3.396807167888246e-15,3.131877752364891e-15,1.0,0.08,40.0,1.0,0.00015484929503155505,0.00033394648072318197,0.00019883951662094172,1.0,0.08,6.0,1.0,0.03090746236959387,0.051214236252308115,0.03560545388808837,1.0,0.12
17_ood_low_friction_mu_0p055_long_zone_p2l_v2:0025,17_ood_low_friction_mu_0p055_long_zone_p2l_v2,16.555999999999983,16.95599999999998,20.0,1.0,0.0004861042329861634,0.0001355635826940193,0.001846742022284352,1.0,0.06,20.0,1.0,3.490592585766571e-15,3.75909563980239e-15,3.497239898061384e-15,1.0,0.08,40.0,1.0,0.00018436389903034515,0.00034391449908753087,0.00023068046098982843,1.0,0.08,6.0,1.0,0.0283034062800243,0.05664560356733568,0.0354025401011059,1.0,0.12
17_ood_low_friction_mu_0p055_long_zone_p2l_v2:0026,17_ood_low_friction_mu_0p055_long_zone_p2l_v2,16.755999999999982,17.15599999999998,20.0,1.0,0.02137171342218954,0.0688361283259627,0.037613678437407184,0.85,0.06,20.0,1.0,2.599625710862634e-15,3.75909563980239e-15,2.94687665722797e-15,1.0,0.08,40.0,1.0,0.000171676845397314,0.00033460712800256466,0.00021955515660245097,1.0,0.08,6.0,1.0,0.037735443665888393,0.07284474386105408,0.0489645965723612,1.0,0.12
17_ood_low_friction_mu_0p055_long_zone_p2l_v2:0027,17_ood_low_friction_mu_0p055_long_zone_p2l_v2,16.95599999999998,17.35599999999998,20.0,1.0,0.020896200359523935,0.0688361283259627,0.03756831875186286,0.85,0.06,20.0,1.0,7.5996045182436395e-16,2.7147993244206116e-15,1.3818125948673726e-15,1.0,0.08,40.0,1.0,0.00014474438350033157,0.0003297862866123277,0.00018825199882918932,1.0,0.08,6.0,1.0,0.03367538554647873,0.07284474386105408,0.04569449703532561,1.0,0.12
17_ood_low_friction_mu_0p055_long_zone_p2l_v2:0028,17_ood_low_friction_mu_0p055_long_zone_p2l_v2,17.15599999999998,17.55599999999998,20.0,1.0,1.6580676225947369e-13,4.571898415406402e-13,2.568099907163516e-13,1.0,0.06,20.0,1.0,1.9883308441374847e-19,3.684018546843577e-19,2.39501003674185e-19,1.0,0.08,40.0,1.0,0.00016282861795406358,0.00033432895810187204,0.00020224484037403105,1.0,0.08,6.0,1.0,0.01668693538403686,0.0247964497564666,0.018601940894347337,1.0,0.12
17_ood_low_friction_mu_0p055_long_zone_p2l_v2:0029,17_ood_low_friction_mu_0p055_long_zone_p2l_v2,17.35599999999998,17.75599999999998,20.0,1.0,8.47806673350119e-15,3.415449741210467e-14,1.6213164658762892e-14,1.0,0.06,20.0,1.0,8.567690303692554e-20,3.4515552366304174e-19,1.6384557707024342e-19,1.0,0.08,40.0,1.0,0.00016937885986834946,0.0002991753499697864,0.00021170462759459086,1.0,0.08,7.0,1.0,0.016235326017913748,0.022975670250870148,0.017284132747165448,1.0,0.12
17_ood_low_friction_mu_0p055_long_zone_p2l_v2:0030,17_ood_low_friction_mu_0p055_long_zone_p2l_v2,17.55599999999998,17.955999999999978,20.0,1.0,3.55355475684945e-16,1.1985362197657697e-15,6.158420341250324e-16,1.0,0.06,20.0,1.0,0.0,0.0,0.0,1.0,0.08,40.0,1.0,0.00014581029775354357,0.0002528786116207211,0.00018974461220778,1.0,0.08,7.0,1.0,0.017695472498938943,0.031198371634294432,0.022109511990878253,1.0,0.12
17_ood_low_friction_mu_0p055_long_zone_p2l_v2:0031,17_ood_low_friction_mu_0p055_long_zone_p2l_v2,17.75599999999998,18.155999999999977,20.0,1.0,0.0010118435098121123,0.0005687616253704502,0.0036811259990028647,1.0,0.06,20.0,1.0,3.3076126947000895e-17,2.70721939323168e-17,1.1624176772777599e-16,1.0,0.08,40.0,1.0,0.00016903066088856284,0.00032448992593261917,0.00020735367218592472,1.0,0.08,6.0,1.0,0.020199963192737595,0.03904624212840112,0.02547126971132088,1.0,0.12
17_ood_low_friction_mu_0p055_long_zone_p2l_v2:0032,17_ood_low_friction_mu_0p055_long_zone_p2l_v2,17.955999999999978,18.355999999999977,20.0,1.0,0.042045600978280154,0.1390698046239816,0.07263620816129532,0.7,0.06,20.0,1.0,2.6235852444232466e-15,7.635330412878783e-15,4.0594059101347345e-15,1.0,0.08,40.0,1.0,0.0001828001797214134,0.0003479343119022698,0.00022239967180219018,1.0,0.08,6.0,1.0,0.04736238290548591,0.0924540758886155,0.061964333597969184,0.8333333333333334,0.12
17_ood_low_friction_mu_0p055_long_zone_p2l_v2:0033,17_ood_low_friction_mu_0p055_long_zone_p2l_v2,18.155999999999977,18.555999999999976,20.0,1.0,0.0410539461602013,0.1390698046239816,0.07254287618711408,0.7,0.06,20.0,1.0,7.215711771034894e-15,9.716013093525085e-15,7.706212805566557e-15,1.0,0.08,40.0,1.0,0.00015694034605605122,0.00033300583393323886,0.00019742754514159557,1.0,0.08,6.0,1.0,0.04875525598964076,0.0924540758886155,0.06265348253970869,0.8333333333333334,0.12
17_ood_low_friction_mu_0p055_long_zone_p2l_v2:0034,17_ood_low_friction_mu_0p055_long_zone_p2l_v2,18.355999999999977,18.755999999999975,20.0,1.0,3.924742006702897e-05,3.812442879579381e-05,3.955425040999378e-05,1.0,0.06,20.0,1.0,1.0256574176723485e-14,1.1843541867895726e-14,1.032233808761073e-14,1.0,0.08,40.0,1.0,0.0001672686650399905,0.0003177936241722419,0.0002033161858520654,1.0,0.08,6.0,1.0,0.02248536159236496,0.03199402354483649,0.024248727446777495,1.0,0.12
17_ood_low_friction_mu_0p055_long_zone_p2l_v2:0035,17_ood_low_friction_mu_0p055_long_zone_p2l_v2,18.555999999999976,18.955999999999975,20.0,1.0,0.00688834465130089,0.018989220207963106,0.019553647641011192,0.95,0.06,20.0,1.0,1.2289054966387672e-14,1.3847234050255269e-14,1.2347157887837836e-14,1.0,0.08,40.0,1.0,0.00015759909428983147,0.00028392666494983396,0.00019071925902061063,1.0,0.08,6.0,1.0,0.034382329327465704,0.0582350259530412,0.03997027413837697,1.0,0.12
17_ood_low_friction_mu_0p055_long_zone_p2l_v2:0036,17_ood_low_friction_mu_0p055_long_zone_p2l_v2,18.755999999999975,19.155999999999974,20.0,1.0,0.03483544991837307,0.10633748206111383,0.06433546240434002,0.75,0.06,20.0,1.0,8.552940701245422e-15,1.3847234050255269e-14,1.0169515025610331e-14,1.0,0.08,40.0,1.0,0.00017720079494333774,0.00035728874991748834,0.00021437137314908974,1.0,0.08,6.0,1.0,0.04321924652556733,0.07965501965187118,0.05156645993133905,1.0,0.12
17_ood_low_friction_mu_0p055_long_zone_p2l_v2:0037,17_ood_low_friction_mu_0p055_long_zone_p2l_v2,18.955999999999975,19.355999999999973,20.0,1.0,0.02796616399554448,0.10633748206111383,0.061291984085862936,0.8,0.06,20.0,1.0,1.8960057328632722e-15,7.298230770925903e-15,3.820594335392441e-15,1.0,0.08,40.0,1.0,0.0001626792611955009,0.00034590297833373427,0.00020280040842331247,1.0,0.08,6.0,1.0,0.033059725151389295,0.0662769669389302,0.04256946118123894,1.0,0.12
17_ood_low_friction_mu_0p055_long_zone_p2l_v2:0038,17_ood_low_friction_mu_0p055_long_zone_p2l_v2,19.155999999999974,19.555999999999973,20.0,1.0,1.4483364003064527e-13,4.3161434022791054e-13,2.315966056445409e-13,1.0,0.06,20.0,1.0,1.0500435792237006e-18,1.651130729594557e-18,1.2430770080468427e-18,1.0,0.08,40.0,1.0,0.00014559686195549955,0.0002724783637911172,0.00019252995394027837,1.0,0.08,6.0,1.0,0.016746698621311396,0.03247023491956775,0.02301972560003677,1.0,0.12
17_ood_low_friction_mu_0p055_long_zone_p2l_v2:0039,17_ood_low_friction_mu_0p055_long_zone_p2l_v2,19.355999999999973,19.755999999999972,20.0,1.0,6.66133814775095e-15,2.955211832820392e-14,1.4030561398836261e-14,1.0,0.06,20.0,1.0,3.0156873853581697e-19,1.3378685855043485e-18,6.351844941882989e-19,1.0,0.08,40.0,1.0,0.00014759259800325764,0.0002934002111617454,0.00019165162045411342,1.0,0.08,6.0,1.0,0.012591964383104016,0.022349479001544187,0.015068667037108237,1.0,0.12
17_ood_low_friction_mu_0p055_long_zone_p2l_v2:0040,17_ood_low_friction_mu_0p055_long_zone_p2l_v2,19.555999999999973,19.95599999999997,20.0,1.0,6.275029927894395e-29,8.964328468420537e-29,6.779782721955665e-29,1.0,0.06,20.0,1.0,8.917353863885176e-43,1.2739076948407355e-42,9.634650726234874e-43,1.0,0.08,40.0,1.0,0.0001228909705561748,0.0002565702250894236,0.00015056645345043823,1.0,0.08,6.0,1.0,0.02468600645065072,0.045140586624332985,0.030964100691515038,1.0,0.12
17_ood_low_friction_mu_0p055_long_zone_p2l_v2:0041,17_ood_low_friction_mu_0p055_long_zone_p2l_v2,19.755999999999972,20.15599999999997,20.0,1.0,5.916456789157582e-29,8.964328468420537e-29,6.464269188598385e-29,1.0,0.06,20.0,1.0,8.407790785948893e-43,1.2739076948407355e-42,9.186279027912839e-43,1.0,0.08,40.0,1.0,0.00014603123649385767,0.00031637409699931783,0.0001759121095425863,1.0,0.08,6.0,1.0,0.027177095986160176,0.04926822533170551,0.0328228933455082,1.0,0.12
17_ood_low_friction_mu_0p055_long_zone_p2l_v2:0042,17_ood_low_friction_mu_0p055_long_zone_p2l_v2,19.95599999999997,20.35599999999997,20.0,1.0,5.288953796368143e-29,8.964328468420535e-29,5.959761716819144e-29,1.0,0.06,20.0,1.0,7.516055399560376e-43,1.2739076948407352e-42,8.469330789493972e-43,1.0,0.08,40.0,1.0,0.00013298628277158878,0.000275012155297637,0.0001688487028848718,1.0,0.08,6.0,1.0,0.023861405646089014,0.039944867313896695,0.026524991176185543,1.0,0.12
17_ood_low_friction_mu_0p055_long_zone_p2l_v2:0043,17_ood_low_friction_mu_0p055_long_zone_p2l_v2,20.15599999999997,20.55599999999997,20.0,1.0,5.288953796368142e-29,8.964328468420535e-29,5.959761716819144e-29,1.0,0.06,20.0,1.0,7.516055399560375e-43,1.2739076948407352e-42,8.469330789493972e-43,1.0,0.08,40.0,1.0,0.00013602159661610467,0.0002689925141280521,0.0001806525034172561,1.0,0.08,6.0,1.0,0.013846222668241396,0.030307220931470605,0.01990525481004043,1.0,0.12
17_ood_low_friction_mu_0p055_long_zone_p2l_v2:0044,17_ood_low_friction_mu_0p055_long_zone_p2l_v2,20.35599999999997,20.75599999999997,20.0,1.0,5.916456789157582e-29,8.964328468420535e-29,6.464269188598385e-29,1.0,0.06,20.0,1.0,8.407790785948893e-43,1.2739076948407352e-42,9.186279027912839e-43,1.0,0.08,40.0,1.0,0.00014769608484533947,0.0002916687884668215,0.00018907085499846962,1.0,0.08,6.0,1.0,0.02193582425978959,0.048610635214532794,0.03145938329057796,1.0,0.12
17_ood_low_friction_mu_0p055_long_zone_p2l_v2:0045,17_ood_low_friction_mu_0p055_long_zone_p2l_v2,20.55599999999997,20.955999999999968,20.0,1.0,0.029251732169650786,0.1068870772970067,0.055665779457175275,0.75,0.06,20.0,1.0,0.02977128792187843,0.13283618857946491,0.06516381186568847,0.8,0.08,40.0,1.0,0.013699321959447125,0.054443892862194365,0.029199258665921726,0.95,0.08,6.0,1.0,0.06076746486363071,0.09270271516397816,0.06610808350956801,1.0,0.12
17_ood_low_friction_mu_0p055_long_zone_p2l_v2:0046,17_ood_low_friction_mu_0p055_long_zone_p2l_v2,20.75599999999997,21.155999999999967,20.0,1.0,0.04357174425363172,0.1068870772970067,0.06284910143553933,0.65,0.06,20.0,1.0,0.04800570359871848,0.13283618857946491,0.07201742823271841,0.75,0.08,40.0,1.0,0.02446458520058651,0.06359676819404413,0.03631209999142212,0.95,0.08,6.0,1.0,0.057386412565092394,0.09678103929532275,0.07004771277392716,1.0,0.12
17_ood_low_friction_mu_0p055_long_zone_p2l_v2:0047,17_ood_low_friction_mu_0p055_long_zone_p2l_v2,20.955999999999968,21.355999999999966,20.0,1.0,0.03751215982455404,0.09919548655175792,0.05942576113838401,0.75,0.06,20.0,1.0,0.044060702136048444,0.10015191272841234,0.06166110301889095,0.8,0.08,40.0,1.0,0.02639778014187566,0.06543084239331914,0.037365003066403314,0.95,0.08,6.0,1.0,0.04569091660766894,0.09047804995445483,0.057885502310866456,1.0,0.12
17_ood_low_friction_mu_0p055_long_zone_p2l_v2:0048,17_ood_low_friction_mu_0p055_long_zone_p2l_v2,21.155999999999967,21.555999999999965,20.0,1.0,0.023192147740598572,0.09019398658612539,0.05176959086371492,0.85,0.06,20.0,1.0,0.02582628645922,0.10015191272841234,0.05349676656694662,0.85,0.08,40.0,1.0,0.015646466632847807,0.06316808622843391,0.03049883553751879,0.95,0.08,6.0,1.0,0.038297091375387636,0.0662284131157636,0.04533880303848802,1.0,0.12
17_ood_low_friction_mu_0p055_long_zone_p2l_v2:0049,17_ood_low_friction_mu_0p055_long_zone_p2l_v2,21.355999999999966,21.755999999999965,20.0,1.0,2.5835214369496582e-14,9.43327913132709e-14,6.280332384999365e-14,1.0,0.06,20.0,1.0,1.4022873771259827e-14,3.693510144196136e-14,2.042729941190254e-14,1.0,0.08,40.0,1.0,0.00013802425812540779,0.0003229458463500313,0.00018311892938604186,1.0,0.08,6.0,1.0,0.017972139838302825,0.031497120397167386,0.021176722434567398,1.0,0.12
17_ood_low_friction_mu_0p055_long_zone_p2l_v2:0050,17_ood_low_friction_mu_0p055_long_zone_p2l_v2,21.555999999999965,21.955999999999964,20.0,1.0,3.5266478273494025e-16,1.4207352675893556e-15,6.744240605271958e-16,1.0,0.06,20.0,1.0,2.4065345675823792e-15,9.69489640083184e-15,4.602174343242608e-15,1.0,0.08,40.0,1.0,0.00013760917221169886,0.00031367802199721613,0.00017546023966610424,1.0,0.08,6.0,1.0,0.012899815495624503,0.024242462451334712,0.016577402042776128,1.0,0.12
17_ood_low_friction_mu_0p055_long_zone_p2l_v2:0051,17_ood_low_friction_mu_0p055_long_zone_p2l_v2,21.755999999999965,22.155999999999963,20.0,1.0,0.0,0.0,0.0,1.0,0.06,20.0,1.0,1.8488927466117443e-30,2.801352646381418e-30,2.0200841214369952e-30,1.0,0.08,40.0,1.0,0.00014033548668717624,0.00031407104250831286,0.0001785115187282262,1.0,0.08,6.0,1.0,0.010426920124667274,0.013943144471442792,0.01102081500438843,1.0,0.12
17_ood_low_friction_mu_0p055_long_zone_p2l_v2:0052,17_ood_low_friction_mu_0p055_long_zone_p2l_v2,21.955999999999964,22.355999999999963,20.0,1.0,0.0,0.0,0.0,1.0,0.06,20.0,1.0,1.6527980613650447e-30,2.8013526463814172e-30,1.8624255365059825e-30,1.0,0.08,40.0,1.0,0.0001235970452392382,0.0002819041680880295,0.00015903661775504898,1.0,0.08,6.0,1.0,0.01098534799080248,0.015863349515475127,0.011700776113044577,1.0,0.12
17_ood_low_friction_mu_0p055_long_zone_p2l_v2:0053,17_ood_low_friction_mu_0p055_long_zone_p2l_v2,22.155999999999963,22.555999999999962,20.0,1.0,0.0,0.0,0.0,1.0,0.06,20.0,1.0,1.6527980613650443e-30,2.8013526463814172e-30,1.8624255365059825e-30,1.0,0.08,40.0,1.0,0.0001455108738862231,0.000283091695746271,0.0001717054144064017,1.0,0.08,6.0,1.0,0.008623387374542352,0.013245522638786832,0.009839914788605842,1.0,0.12
17_ood_low_friction_mu_0p055_long_zone_p2l_v2:0054,17_ood_low_friction_mu_0p055_long_zone_p2l_v2,22.355999999999963,22.75599999999996,20.0,1.0,0.0,0.0,0.0,1.0,0.06,20.0,1.0,1.8488927466117443e-30,2.8013526463814172e-30,2.0200841214369952e-30,1.0,0.08,40.0,1.0,0.00017332145444097662,0.00031243521472718673,0.00020932329069367492,1.0,0.08,6.0,1.0,0.008964499645296537,0.019058217633670535,0.01299274832542992,1.0,0.12
17_ood_low_friction_mu_0p055_long_zone_p2l_v2:0055,17_ood_low_friction_mu_0p055_long_zone_p2l_v2,22.555999999999962,22.95599999999996,20.0,1.0,0.0,0.0,0.0,1.0,0.06,20.0,1.0,1.9609468524669986e-30,2.801352646381418e-30,2.1186821006111453e-30,1.0,0.08,40.0,1.0,0.00016131825265291484,0.00032336999706534636,0.00020075052194224702,1.0,0.08,6.0,1.0,0.014093221729750733,0.026531240358405594,0.018357314772583355,1.0,0.12
17_ood_low_friction_mu_0p055_long_zone_p2l_v2:0056,17_ood_low_friction_mu_0p055_long_zone_p2l_v2,22.75599999999996,23.15599999999996,20.0,1.0,0.015374483510665999,0.051100347485770505,0.039362864889083526,0.9,0.06,20.0,1.0,0.00137925652459875,0.006174667387219027,0.002994699547835725,1.0,0.08,40.0,1.0,0.001637793757984189,0.006000578855601775,0.0035371836994319617,1.0,0.08,6.0,1.0,0.01711451771420386,0.02542185057894372,0.019402770604634287,1.0,0.12
17_ood_low_friction_mu_0p055_long_zone_p2l_v2:0057,17_ood_low_friction_mu_0p055_long_zone_p2l_v2,22.95599999999996,23.35599999999996,20.0,1.0,0.03144502004592372,0.08272360314250568,0.05182740602097628,0.8,0.06,20.0,1.0,0.008488198563494923,0.02358930686380558,0.012221393163581989,1.0,0.08,40.0,1.0,0.010368542355503581,0.031692132870985566,0.016054982891156727,1.0,0.08,6.0,1.0,0.03505938540386617,0.0721776314997789,0.046732117599288824,1.0,0.12
17_ood_low_friction_mu_0p055_long_zone_p2l_v2:0058,17_ood_low_friction_mu_0p055_long_zone_p2l_v2,23.15599999999996,23.55599999999996,20.0,1.0,0.027726262621544075,0.05240081711387675,0.03758339030350226,0.9,0.06,20.0,1.0,0.02242880341018978,0.04660972731019589,0.02732519533358168,1.0,0.08,40.0,1.0,0.013740298849800565,0.034314037973572575,0.019170373485529933,1.0,0.08,6.0,1.0,0.037700726708025704,0.0721776314997789,0.04797890823114317,1.0,0.12
17_ood_low_friction_mu_0p055_long_zone_p2l_v2:0059,17_ood_low_friction_mu_0p055_long_zone_p2l_v2,23.35599999999996,23.755999999999958,20.0,1.0,0.06156237994067478,0.2167365722021073,0.10019276967258012,0.8,0.06,20.0,1.0,0.04113225084792871,0.052748741533745924,0.044041669847709984,1.0,0.08,40.0,1.0,0.005391750536376426,0.01731259273566451,0.011089736090998123,1.0,0.08,6.0,1.0,0.0163451037333798,0.027659094154541958,0.01935667020663763,1.0,0.12
17_ood_low_friction_mu_0p055_long_zone_p2l_v2:0060,17_ood_low_friction_mu_0p055_long_zone_p2l_v2,23.55599999999996,23.955999999999957,20.0,1.0,0.12491190560789386,0.2167365722021073,0.14647465399572368,0.3,0.06,20.0,1.0,0.04474294937631653,0.052748741533745924,0.045506075141049596,1.0,0.08,40.0,1.0,0.000607005164596833,0.0015922046258117317,0.0008994374453253618,1.0,0.08,6.0,1.0,0.02474451134713249,0.04706346872227048,0.030591195808426338,1.0,0.12
17_ood_low_friction_mu_0p055_long_zone_p2l_v2:0061,17_ood_low_friction_mu_0p055_long_zone_p2l_v2,23.755999999999958,24.155999999999956,20.0,1.0,0.09939494709231929,0.1768769397162116,0.11509867522891058,0.3,0.06,20.0,1.0,0.02550852507163153,0.04374085368627786,0.029150710309418904,1.0,0.08,40.0,1.0,0.0005208664541287094,0.0012962660388729406,0.0007900234914898444,1.0,0.08,6.0,1.0,0.029081157433866647,0.04706346872227048,0.03241542433297629,1.0,0.12
17_ood_low_friction_mu_0p055_long_zone_p2l_v2:0062,17_ood_low_friction_mu_0p055_long_zone_p2l_v2,23.955999999999957,24.355999999999955,20.0,1.0,0.02492178886803206,0.07355861116812469,0.039472211026464345,0.8,0.06,20.0,1.0,0.006724264671624185,0.019781881593597096,0.010608616983581575,1.0,0.08,40.0,1.0,0.0005370930792283119,0.0014620515934543907,0.0008565609299272189,1.0,0.08,7.0,1.0,0.026277735898404504,0.04770679570402516,0.03178304337646414,1.0,0.12
17_ood_low_friction_mu_0p055_long_zone_p2l_v2:0063,17_ood_low_friction_mu_0p055_long_zone_p2l_v2,24.155999999999956,24.555999999999955,20.0,1.0,0.05238598823002161,0.2944148548166107,0.11921865279619102,0.8,0.06,20.0,1.0,0.042379039950001626,0.24085611810317317,0.0972248453173664,0.8,0.08,40.0,1.0,0.00028890232760055016,0.0005808719789594882,0.0004709255032620429,1.0,0.08,7.0,1.0,0.025236052054630094,0.04770679570402516,0.03097974813098211,1.0,0.12
17_ood_low_friction_mu_0p055_long_zone_p2l_v2:0064,17_ood_low_friction_mu_0p055_long_zone_p2l_v2,24.355999999999955,24.755999999999954,20.0,1.0,0.1941651759927931,0.2944148548166107,0.23394170928494326,0.3,0.06,20.0,1.0,0.1643652897413319,0.2455586950084159,0.19820753724011825,0.3,0.08,40.0,1.0,0.00021172254126993097,0.0004369437244954822,0.0002732340333649869,1.0,0.08,6.0,1.0,0.012170968857956132,0.0172360871911498,0.013055316425445338,1.0,0.12
17_ood_low_friction_mu_0p055_long_zone_p2l_v2:0065,17_ood_low_friction_mu_0p055_long_zone_p2l_v2,24.555999999999955,24.955999999999953,20.0,1.0,0.27571244980383447,0.2892603649461235,0.275903835832496,0.0,0.06,20.0,1.0,0.24681214530360612,0.2507157889617688,0.246829645193593,0.0,0.08,40.0,1.0,0.0001416393119133861,0.0003413776582161598,0.00018694589290353455,1.0,0.08,6.0,1.0,0.018021068966462255,0.042941266794632345,0.03077167527959116,1.0,0.12
17_ood_low_friction_mu_0p055_long_zone_p2l_v2:0066,17_ood_low_friction_mu_0p055_long_zone_p2l_v2,24.755999999999954,25.155999999999953,20.0,1.0,0.2578970800082506,0.27143512092084,0.25810148366081087,0.0,0.06,20.0,1.0,0.25207640071776033,0.25626247538433355,0.25209591020138866,0.0,0.08,40.0,1.0,0.00015417085263704275,0.00030573918326048634,0.0002024036039454883,1.0,0.08,6.0,1.0,0.022029780115928918,0.054752195333443575,0.033886715708026004,1.0,0.12
17_ood_low_friction_mu_0p055_long_zone_p2l_v2:0067,17_ood_low_friction_mu_0p055_long_zone_p2l_v2,24.955999999999953,25.355999999999952,20.0,1.0,0.24009773555755456,0.2536200039015602,0.2403167282342424,0.0,0.06,20.0,1.0,0.2577836856036603,0.26241195451825144,0.25780679715815474,0.0,0.08,40.0,1.0,0.00019758433410405662,0.0003622037968322048,0.0002430021602476552,1.0,0.08,6.0,1.0,0.015363342267151687,0.033384735327733034,0.020268455663425555,1.0,0.12
17_ood_low_friction_mu_0p055_long_zone_p2l_v2:0068,17_ood_low_friction_mu_0p055_long_zone_p2l_v2,25.155999999999953,25.55599999999995,20.0,1.0,0.2023897891908058,0.2358246242006384,0.21024618997291677,0.0,0.06,20.0,1.0,0.22660958455899172,0.2660465248329076,0.2423952270562186,0.15,0.08,40.0,1.0,0.0007204772548667083,0.0022778704438781144,0.0012568904561445168,1.0,0.08,6.0,1.0,0.0208951630870392,0.04105744958193108,0.02722921572891807,1.0,0.12
17_ood_low_friction_mu_0p055_long_zone_p2l_v2:0069,17_ood_low_friction_mu_0p055_long_zone_p2l_v2,25.355999999999952,25.75599999999995,20.0,1.0,0.09631183708448743,0.21979172447238451,0.13339297845595657,0.5,0.06,20.0,1.0,0.09932969796562244,0.2660465248329076,0.15744015910462336,0.65,0.08,40.0,1.0,0.0011443177932390447,0.0028232782709406118,0.0016044185373239464,1.0,0.08,6.0,1.0,0.017090392140671633,0.03955558917384267,0.024779160459795228,1.0,0.12
17_ood_low_friction_mu_0p055_long_zone_p2l_v2:0070,17_ood_low_friction_mu_0p055_long_zone_p2l_v2,25.55599999999995,25.95599999999995,20.0,1.0,0.009523871954941934,0.03378995166716777,0.01818848114865131,1.0,0.06,20.0,1.0,0.0031069943052548015,0.011026919306507236,0.005923317098587264,1.0,0.08,40.0,1.0,0.0005964213183264393,0.0019732831104644173,0.0010183825930319594,1.0,0.08,6.0,1.0,0.01765022408711216,0.038994601776692284,0.023691516472145183,1.0,0.12
17_ood_low_friction_mu_0p055_long_zone_p2l_v2:0071,17_ood_low_friction_mu_0p055_long_zone_p2l_v2,25.75599999999995,26.15599999999995,20.0,1.0,1.1157741397482823e-13,3.552713678800501e-13,1.8744365863225467e-13,1.0,0.06,20.0,1.0,1.2240920527918395e-13,4.55476112666731e-13,2.295103636570159e-13,1.0,0.08,40.0,1.0,0.00015692408230194346,0.00030066342362791476,0.00019530885026786747,1.0,0.08,6.0,1.0,0.01918099096964506,0.038994601776692284,0.0242735640119546,1.0,0.12
17_ood_low_friction_mu_0p055_long_zone_p2l_v2:0072,17_ood_low_friction_mu_0p055_long_zone_p2l_v2,25.95599999999995,26.35599999999995,20.0,1.0,0.0,0.0,0.0,1.0,0.06,20.0,1.0,3.305596122730089e-30,5.6027052927628345e-30,3.724851073011965e-30,1.0,0.08,40.0,1.0,0.00015365082254475181,0.00031851219983215095,0.00020037360911678457,1.0,0.08,6.0,1.0,0.014666895765035215,0.02332431811578282,0.016762557119454787,1.0,0.12
17_ood_low_friction_mu_0p055_long_zone_p2l_v2:0073,17_ood_low_friction_mu_0p055_long_zone_p2l_v2,26.15599999999995,26.555999999999948,20.0,1.0,0.0,0.0,0.0,1.0,0.06,20.0,1.0,3.3055961227300886e-30,5.6027052927628345e-30,3.724851073011965e-30,1.0,0.08,40.0,1.0,0.00016413277326134693,0.0003350794995263868,0.00021064387493258368,1.0,0.08,6.0,1.0,0.016065253665111145,0.024814503523271803,0.017780908336725024,1.0,0.12
17_ood_low_friction_mu_0p055_long_zone_p2l_v2:0074,17_ood_low_friction_mu_0p055_long_zone_p2l_v2,26.35599999999995,26.755999999999947,20.0,1.0,0.0,0.0,0.0,1.0,0.06,20.0,1.0,3.6977854932234886e-30,5.6027052927628345e-30,4.0401682428739904e-30,1.0,0.08,40.0,1.0,0.00018816140675856032,0.0003319374141011781,0.00022283734787349675,1.0,0.08,6.0,1.0,0.010188837870982669,0.016904772086387798,0.011763753859508633,1.0,0.12
17_ood_low_friction_mu_0p055_long_zone_p2l_v2:0075,17_ood_low_friction_mu_0p055_long_zone_p2l_v2,26.555999999999948,26.955999999999946,20.0,1.0,0.0,0.0,0.0,1.0,0.06,20.0,1.0,3.921893704933997e-30,5.602705292762836e-30,4.2373642012222906e-30,1.0,0.08,40.0,1.0,0.00016581873290533454,0.0002928167138770947,0.00019427548610268381,1.0,0.08,6.0,1.0,0.005864155943976803,0.008984022774525766,0.00658217971625214,1.0,0.12
17_ood_low_friction_mu_0p055_long_zone_p2l_v2:0076,17_ood_low_friction_mu_0p055_long_zone_p2l_v2,26.755999999999947,27.155999999999946,20.0,1.0,0.0,0.0,0.0,1.0,0.06,20.0,1.0,3.6977854932234886e-30,5.602705292762836e-30,4.0401682428739904e-30,1.0,0.08,40.0,1.0,0.00016308441023646201,0.0003690121702748659,0.00020918253076282345,1.0,0.08,6.0,1.0,0.01230441255533222,0.024045014318850123,0.015293726819042276,1.0,0.12
17_ood_low_friction_mu_0p055_long_zone_p2l_v2:0077,17_ood_low_friction_mu_0p055_long_zone_p2l_v2,26.955999999999946,27.355999999999945,20.0,1.0,0.0,0.0,0.0,1.0,0.06,20.0,1.0,3.305596122730089e-30,5.6027052927628345e-30,3.724851073011965e-30,1.0,0.08,40.0,1.0,0.0001913885556559456,0.00046246530159173266,0.00024345045880923592,1.0,0.08,6.0,1.0,0.017967943840906938,0.024045014318850123,0.018600124451973808,1.0,0.12
17_ood_low_friction_mu_0p055_long_zone_p2l_v2:0078,17_ood_low_friction_mu_0p055_long_zone_p2l_v2,27.155999999999946,27.555999999999944,20.0,1.0,0.0,0.0,0.0,1.0,0.06,20.0,1.0,3.3055961227300886e-30,5.6027052927628345e-30,3.724851073011965e-30,1.0,0.08,40.0,1.0,0.00015192768132811906,0.00035980959982037745,0.0002046939431304869,1.0,0.08,6.0,1.0,0.01901328586319033,0.03215203809432259,0.022078436823634834,1.0,0.12
17_ood_low_friction_mu_0p055_long_zone_p2l_v2:0079,17_ood_low_friction_mu_0p055_long_zone_p2l_v2,27.355999999999945,27.755999999999943,20.0,1.0,0.0,0.0,0.0,1.0,0.06,20.0,1.0,3.6977854932234886e-30,5.6027052927628345e-30,4.0401682428739904e-30,1.0,0.08,40.0,1.0,0.00012684370354867916,0.0002717144018324604,0.0001655402260745204,1.0,0.08,6.0,1.0,0.017447662185537446,0.03215203809432259,0.021320383063406254,1.0,0.12
17_ood_low_friction_mu_0p055_long_zone_p2l_v2:0080,17_ood_low_friction_mu_0p055_long_zone_p2l_v2,27.555999999999944,27.955999999999943,20.0,1.0,0.0,0.0,0.0,1.0,0.06,20.0,1.0,3.921893704933997e-30,5.602705292762836e-30,4.2373642012222906e-30,1.0,0.08,40.0,1.0,0.0001299495423500283,0.00025573850392855154,0.0001604379815897848,1.0,0.08,6.0,1.0,0.011805903335306208,0.016391420536587133,0.01324840017695557,1.0,0.12
17_ood_low_friction_mu_0p055_long_zone_p2l_v2:0081,17_ood_low_friction_mu_0p055_long_zone_p2l_v2,27.755999999999943,28.155999999999942,20.0,1.0,9.363880321116677e-05,0.0002367772815908234,0.0002751578615179862,1.0,0.06,20.0,1.0,3.110476324596831e-05,7.946605858422799e-05,9.11834102204467e-05,1.0,0.08,40.0,1.0,0.00013744982585098535,0.0002723155273222882,0.0001833518777188842,1.0,0.08,6.0,1.0,0.01660759930567073,0.03600561707215804,0.024810602667457764,1.0,0.12
17_ood_low_friction_mu_0p055_long_zone_p2l_v2:0082,17_ood_low_friction_mu_0p055_long_zone_p2l_v2,27.955999999999943,28.35599999999994,20.0,1.0,0.12746875117057016,0.2745257098846764,0.1833556982589335,0.5,0.06,20.0,1.0,0.14242842636326553,0.3042077282012817,0.20506676535728838,0.5,0.08,40.0,1.0,0.0001634924961567339,0.0003292108029312617,0.00022730509600270583,1.0,0.08,6.0,1.0,0.017617793878948688,0.037194589966243655,0.025114966926787274,1.0,0.12
17_ood_low_friction_mu_0p055_long_zone_p2l_v2:0083,17_ood_low_friction_mu_0p055_long_zone_p2l_v2,28.155999999999942,28.55599999999994,20.0,1.0,0.25445667248183457,0.2745257098846764,0.25677157890494734,0.0,0.06,20.0,1.0,0.2967188504924701,0.31022007584249384,0.29947314015346804,0.0,0.08,40.0,1.0,0.0001463436735481638,0.00029864848676946815,0.00019816707681560557,1.0,0.08,6.0,1.0,0.022619566144856867,0.047292217234175205,0.030968590034512553,1.0,0.12
17_ood_low_friction_mu_0p055_long_zone_p2l_v2:0084,17_ood_low_friction_mu_0p055_long_zone_p2l_v2,28.35599999999994,28.75599999999994,20.0,1.0,0.24620228935913935,0.2587719129113924,0.24636842930389144,0.0,0.06,20.0,1.0,0.31146491347959276,0.315399657359772,0.3114813415455993,0.0,0.08,40.0,1.0,0.0004977446679481683,0.001522829958332186,0.0010896633700731553,1.0,0.08,6.0,1.0,0.02360985127068065,0.047292217234175205,0.03219768669567435,1.0,0.12
17_ood_low_friction_mu_0p055_long_zone_p2l_v2:0085,17_ood_low_friction_mu_0p055_long_zone_p2l_v2,28.55599999999994,28.95599999999994,20.0,1.0,0.1263411865767774,0.24104918024298067,0.16903840369993334,0.5,0.06,20.0,1.0,0.1596544045551686,0.315399657359772,0.22228729787422777,0.5,0.08,40.0,1.0,0.001166606018310688,0.003012973979590329,0.0017084871125926152,1.0,0.08,6.0,1.0,0.018029016375461657,0.03651685244592129,0.02318466161719856,1.0,0.12
17_ood_low_friction_mu_0p055_long_zone_p2l_v2:0086,17_ood_low_friction_mu_0p055_long_zone_p2l_v2,28.75599999999994,29.15599999999994,20.0,1.0,0.0072204600607874885,0.02656615957030278,0.013747229863590596,1.0,0.06,20.0,1.0,0.0025110215163990294,0.009239253233242326,0.00477581394856017,1.0,0.08,40.0,1.0,0.0008008505416725886,0.0027593802324437783,0.001326715048885808,1.0,0.08,6.0,1.0,0.021123579207690358,0.03879533140489411,0.025204704452504983,1.0,0.12
17_ood_low_friction_mu_0p055_long_zone_p2l_v2:0087,17_ood_low_friction_mu_0p055_long_zone_p2l_v2,28.95599999999994,29.355999999999938,20.0,1.0,2.728857583848514e-09,9.03143324352677e-09,4.891373459452598e-09,1.0,0.06,20.0,1.0,1.5483756054702052e-09,4.724872828198987e-09,2.87458686137018e-09,1.0,0.08,40.0,1.0,0.00014375992656170543,0.0002954458596858547,0.00018879432483347793,1.0,0.08,6.0,1.0,0.02298587646173135,0.03440611850776659,0.025035161953204856,1.0,0.12
17_ood_low_friction_mu_0p055_long_zone_p2l_v2:0088,17_ood_low_friction_mu_0p055_long_zone_p2l_v2,29.15599999999994,29.555999999999937,20.0,1.0,1.837419105754634e-13,5.007105841059459e-13,3.0567446154027263e-13,1.0,0.06,20.0,1.0,2.8467257041670713e-15,5.602705292762836e-30,1.2730944375627044e-14,1.0,0.08,40.0,1.0,0.00015543025199717144,0.0002896483459590531,0.0001956385866896308,1.0,0.08,6.0,1.0,0.02343479738611232,0.03753928688806647,0.025933995681323894,1.0,0.12
17_ood_low_friction_mu_0p055_long_zone_p2l_v2:0089,17_ood_low_friction_mu_0p055_long_zone_p2l_v2,29.355999999999938,29.755999999999936,20.0,1.0,0.0,0.0,0.0,1.0,0.06,20.0,1.0,3.6977854932234886e-30,5.6027052927628345e-30,4.0401682428739904e-30,1.0,0.08,40.0,1.0,0.00017144070947281673,0.0003224038604308766,0.00021186355205852665,1.0,0.08,6.0,1.0,0.013527384805160123,0.02748789189979234,0.018276605388354926,1.0,0.12
17_ood_low_friction_mu_0p055_long_zone_p2l_v2:0090,17_ood_low_friction_mu_0p055_long_zone_p2l_v2,29.555999999999937,29.955999999999936,20.0,1.0,0.0,0.0,0.0,1.0,0.06,20.0,1.0,3.921893704933997e-30,5.602705292762836e-30,4.2373642012222906e-30,1.0,0.08,40.0,1.0,0.00018850473114243046,0.00036093721117408026,0.00022787752392953637,1.0,0.08,6.0,1.0,0.013755710711663609,0.03399987489043668,0.02545884870224722,1.0,0.12
17_ood_low_friction_mu_0p055_long_zone_p2l_v2:0091,17_ood_low_friction_mu_0p055_long_zone_p2l_v2,29.755999999999936,30.155999999999935,20.0,1.0,0.0,0.0,0.0,1.0,0.06,20.0,1.0,3.6977854932234886e-30,5.602705292762836e-30,4.0401682428739904e-30,1.0,0.08,40.0,1.0,0.00017960779455591984,0.00034813795564374826,0.00022543847774671676,1.0,0.08,6.0,1.0,0.018163938181405676,0.04222035445477017,0.027359933409531294,1.0,0.12
17_ood_low_friction_mu_0p055_long_zone_p2l_v2:0092,17_ood_low_friction_mu_0p055_long_zone_p2l_v2,29.955999999999936,30.355999999999934,20.0,1.0,0.0,0.0,0.0,1.0,0.06,20.0,1.0,3.305596122730089e-30,5.6027052927628345e-30,3.724851073011965e-30,1.0,0.08,40.0,1.0,0.00014794385329031405,0.000293732812262629,0.00019965331038623773,1.0,0.08,6.0,1.0,0.012456883455938381,0.02089267472241873,0.01416454528020895,1.0,0.12
17_ood_low_friction_mu_0p055_long_zone_p2l_v2:0093,17_ood_low_friction_mu_0p055_long_zone_p2l_v2,30.155999999999935,30.555999999999933,20.0,1.0,0.0,0.0,0.0,1.0,0.06,20.0,1.0,3.3055961227300886e-30,5.6027052927628345e-30,3.724851073011965e-30,1.0,0.08,40.0,1.0,0.00013806728401545508,0.00026933271044258313,0.00017308912608135136,1.0,0.08,6.0,1.0,0.021039941829125556,0.03987133542423253,0.025355809080514685,1.0,0.12
17_ood_low_friction_mu_0p055_long_zone_p2l_v2:0094,17_ood_low_friction_mu_0p055_long_zone_p2l_v2,30.355999999999934,30.755999999999933,20.0,1.0,0.06883605961411665,0.27507052398739157,0.13738044405271654,0.75,0.06,20.0,1.0,0.07459161744620715,0.29826967889812306,0.149079237356296,0.75,0.08,40.0,1.0,0.00019030685680577062,0.0003774017072171986,0.0002379074596553181,1.0,0.08,6.0,1.0,0.027532373648661155,0.03987133542423253,0.02997184245115678,1.0,0.12
17_ood_low_friction_mu_0p055_long_zone_p2l_v2:0095,17_ood_low_friction_mu_0p055_long_zone_p2l_v2,30.555999999999933,30.955999999999932,20.0,1.0,0.19979399449911378,0.27507052398739157,0.23062145298951453,0.25,0.06,20.0,1.0,0.22139695551444896,0.29826967889812306,0.2555971115115126,0.25,0.08,40.0,1.0,0.00019942418031535132,0.0003957704477546172,0.00025426318830065384,1.0,0.08,7.0,1.0,0.019935856804758265,0.02991578695386338,0.021886572635692447,1.0,0.12
17_ood_low_friction_mu_0p055_long_zone_p2l_v2:0096,17_ood_low_friction_mu_0p055_long_zone_p2l_v2,30.755999999999933,31.15599999999993,20.0,1.0,0.25307439698024503,0.2665150039314612,0.25327971711523084,0.0,0.06,20.0,1.0,0.2903706618004421,0.29525581996783645,0.2903947349932136,0.0,0.08,40.0,1.0,0.00015541615338041185,0.0003003957445295406,0.00020297786758140406,1.0,0.08,7.0,1.0,0.016841926656472377,0.025070556215161993,0.018809268788010144,1.0,0.12
17_ood_low_friction_mu_0p055_long_zone_p2l_v2:0097,17_ood_low_friction_mu_0p055_long_zone_p2l_v2,30.955999999999932,31.35599999999993,20.0,1.0,0.18684519564193222,0.24882823922367225,0.20954735518853188,0.25,0.06,20.0,1.0,0.21665212521690025,0.2888663375203838,0.24776752690313852,0.25,0.08,40.0,1.0,0.0010653924770627086,0.003164599476082982,0.0017102756178845634,1.0,0.08,6.0,1.0,0.013201433134934456,0.02414064097660709,0.016783060195265313,1.0,0.12
17_ood_low_friction_mu_0p055_long_zone_p2l_v2:0098,17_ood_low_friction_mu_0p055_long_zone_p2l_v2,31.15599999999993,31.55599999999993,20.0,1.0,0.06527900978938891,0.23496590830837696,0.11863785712355114,0.75,0.06,20.0,1.0,0.07329143037385669,0.28356245417012693,0.14200446540820247,0.75,0.08,40.0,1.0,0.0011963766049178834,0.003164599476082982,0.0017785968278858564,1.0,0.08,6.0,1.0,0.010937067679659586,0.020770421510167378,0.013276553546323006,1.0,0.12
17_ood_low_friction_mu_0p055_long_zone_p2l_v2:0099,17_ood_low_friction_mu_0p055_long_zone_p2l_v2,31.35599999999993,31.75599999999993,20.0,1.0,0.0005502763908064841,0.0014123980317872554,0.0016105922691682087,1.0,0.06,20.0,1.0,0.00020462896932052537,0.0005257340306627087,0.0005987634398565163,1.0,0.08,40.0,1.0,0.00029316574630513685,0.0004033245759871625,0.0005284466542224269,1.0,0.08,6.0,1.0,0.008689831833951894,0.014365725988076727,0.010161342123256941,1.0,0.12
17_ood_low_friction_mu_0p055_long_zone_p2l_v2:0100,17_ood_low_friction_mu_0p055_long_zone_p2l_v2,31.55599999999993,31.95599999999993,20.0,1.0,1.4814190171630315e-10,1.4055423491754484e-12,6.606987703218683e-10,1.0,0.06,20.0,1.0,8.01637647337178e-11,1.708035422500241e-13,3.584014119732218e-10,1.0,0.08,40.0,1.0,0.00016263139629041056,0.0003249822384005731,0.000192794138427246,1.0,0.08,6.0,1.0,0.009131156910348595,0.019136480736602082,0.01169016516513855,1.0,0.12
17_ood_low_friction_mu_0p055_long_zone_p2l_v2:0101,17_ood_low_friction_mu_0p055_long_zone_p2l_v2,31.75599999999993,32.15599999999993,20.0,1.0,3.9968028886505635e-14,1.1546319456101666e-13,1.140885837239936e-13,1.0,0.06,20.0,1.0,0.0,0.0,0.0,1.0,0.08,40.0,1.0,0.00014479310819350775,0.000257876493645932,0.00017087303533075632,1.0,0.08,6.0,1.0,0.01793324434232433,0.03048358070682626,0.021324785349245767,1.0,0.12
17_ood_low_friction_mu_0p055_long_zone_p2l_v2:0102,17_ood_low_friction_mu_0p055_long_zone_p2l_v2,31.95599999999993,32.35599999999993,20.0,1.0,0.0,0.0,0.0,1.0,0.06,20.0,1.0,0.0,0.0,0.0,1.0,0.08,40.0,1.0,0.00013679162773239082,0.00026063995093736917,0.00016655424992693675,1.0,0.08,6.0,1.0,0.019247925008007833,0.030933828438527995,0.021985437406239476,1.0,0.12
17_ood_low_friction_mu_0p055_long_zone_p2l_v2:0103,17_ood_low_friction_mu_0p055_long_zone_p2l_v2,32.15599999999993,32.555999999999926,20.0,1.0,0.0,0.0,0.0,1.0,0.06,20.0,1.0,0.0,0.0,0.0,1.0,0.08,40.0,1.0,0.0001439621619469961,0.00027674896779412604,0.00016857403497318022,1.0,0.08,6.0,1.0,0.018308396425479972,0.027228432106394175,0.020087499844723945,1.0,0.12
17_ood_low_friction_mu_0p055_long_zone_p2l_v2:0104,17_ood_low_friction_mu_0p055_long_zone_p2l_v2,32.35599999999992,32.75599999999992,20.0,1.0,0.0,0.0,0.0,1.0,0.06,20.0,1.0,0.0,0.0,0.0,1.0,0.08,40.0,1.0,0.00016171270984422404,0.00029962914998929875,0.00018598616526974176,1.0,0.08,6.0,1.0,0.018963767131017297,0.02811428229257224,0.020322604265985308,1.0,0.12
17_ood_low_friction_mu_0p055_long_zone_p2l_v2:0105,17_ood_low_friction_mu_0p055_long_zone_p2l_v2,32.555999999999926,32.955999999999925,20.0,1.0,0.0,0.0,0.0,1.0,0.06,20.0,1.0,0.0,0.0,0.0,1.0,0.08,40.0,1.0,0.00015594087334022596,0.000297476143768885,0.00018878712794264706,1.0,0.08,6.0,1.0,0.021424647373117774,0.03809017776875687,0.026117396021722736,1.0,0.12
17_ood_low_friction_mu_0p055_long_zone_p2l_v2:0106,17_ood_low_friction_mu_0p055_long_zone_p2l_v2,32.75599999999993,33.15599999999993,20.0,1.0,1.4551102260507713e-05,1.1363733633090397e-05,5.372616190418151e-05,1.0,0.06,20.0,1.0,5.874814930029515e-06,2.939988990267055e-06,2.165877989126208e-05,1.0,0.08,40.0,1.0,0.00016206931460649465,0.00028565544708612615,0.00019207647733691808,1.0,0.08,6.0,1.0,0.017404133126495053,0.037543398210388795,0.024674231957764824,1.0,0.12
17_ood_low_friction_mu_0p055_long_zone_p2l_v2:0107,17_ood_low_friction_mu_0p055_long_zone_p2l_v2,32.955999999999925,33.35599999999992,20.0,1.0,0.13410254243030645,0.3542713171544836,0.21384447654018085,0.6,0.06,20.0,1.0,0.0010889417223089754,0.003536150444148664,0.0018673914838659884,1.0,0.08,40.0,1.0,0.00022688872499781115,0.0004283683229091641,0.0002755518803267643,1.0,0.08,6.0,1.0,0.009738021975087413,0.023390431838881256,0.013861425842222755,1.0,0.12
17_ood_low_friction_mu_0p055_long_zone_p2l_v2:0108,17_ood_low_friction_mu_0p055_long_zone_p2l_v2,33.15599999999992,33.55599999999992,20.0,1.0,0.3028325756895781,0.3542713171544836,0.3204555473090931,0.1,0.06,20.0,1.0,0.0053276424814326356,0.010247979166348072,0.006435329671125003,1.0,0.08,40.0,1.0,0.00019219789834294313,0.0004283683229091641,0.00025596832215908513,1.0,0.08,6.0,1.0,0.011837825332085232,0.020416989105787008,0.014236661845797919,1.0,0.12
17_ood_low_friction_mu_0p055_long_zone_p2l_v2:0109,17_ood_low_friction_mu_0p055_long_zone_p2l_v2,33.35599999999992,33.75599999999992,20.0,1.0,0.3286744855492226,0.34207482305931425,0.328831646936519,0.0,0.06,20.0,1.0,0.011975382892069491,0.017329405519476596,0.012633185875268993,1.0,0.08,40.0,1.0,0.00013659101917706874,0.0002526103601769868,0.0001856272173964189,1.0,0.08,6.0,1.0,0.01766879940529176,0.03086727558971377,0.02047596033509061,1.0,0.12
17_ood_low_friction_mu_0p055_long_zone_p2l_v2:0110,17_ood_low_friction_mu_0p055_long_zone_p2l_v2,33.555999999999926,33.955999999999925,20.0,1.0,0.31105929983062963,0.3244405471812409,0.311224824616373,0.0,0.06,20.0,1.0,0.019226228703792307,0.02503646206155043,0.019711193338078633,1.0,0.08,40.0,1.0,0.00015328936598821898,0.00026951733718166496,0.0001968999317088429,1.0,0.08,6.0,1.0,0.01898468113265978,0.0333985049070067,0.02350324677689059,1.0,0.12
17_ood_low_friction_mu_0p055_long_zone_p2l_v2:0111,17_ood_low_friction_mu_0p055_long_zone_p2l_v2,33.75599999999992,34.15599999999992,20.0,1.0,0.2934821509899643,0.30682953111903843,0.2936566329426916,0.0,0.06,20.0,1.0,0.02717696153230621,0.03366628519580502,0.02760337648191221,1.0,0.08,40.0,1.0,0.00015817861851895703,0.0002955814424104138,0.0001874506359662652,1.0,0.08,6.0,1.0,0.01914538518847065,0.03472540651206875,0.022860057793715607,1.0,0.12
17_ood_low_friction_mu_0p055_long_zone_p2l_v2:0112,17_ood_low_friction_mu_0p055_long_zone_p2l_v2,33.95599999999992,34.355999999999916,20.0,1.0,0.2761540039069721,0.28926105437291316,0.2763277811539205,0.0,0.06,20.0,1.0,0.03604500820635428,0.043492106348207576,0.03644236617058623,1.0,0.08,40.0,1.0,0.0003372609518188004,0.00036913744149761756,0.0008027778889437273,1.0,0.08,6.0,1.0,0.0355205525597474,0.06787063361681786,0.04337953562530232,1.0,0.12
17_ood_low_friction_mu_0p055_long_zone_p2l_v2:0113,17_ood_low_friction_mu_0p055_long_zone_p2l_v2,34.15599999999992,34.55599999999992,20.0,1.0,0.29588050955872214,0.34301266877014724,0.29775462566605365,0.0,0.06,20.0,1.0,0.028569822157583396,0.043492106348207576,0.03207985153293097,1.0,0.08,40.0,1.0,0.014865641646249473,0.038274356266238076,0.021881208193468817,1.0,0.08,6.0,1.0,0.06533432001963792,0.10346443159920352,0.07407374468687092,0.8333333333333334,0.12
17_ood_low_friction_mu_0p055_long_zone_p2l_v2:0114,17_ood_low_friction_mu_0p055_long_zone_p2l_v2,34.35599999999992,34.75599999999992,20.0,1.0,0.3397131190629249,0.3585982068480623,0.34052312058953443,0.0,0.06,20.0,1.0,0.009456165114819937,0.02424925746228753,0.014161222143363133,1.0,0.08,40.0,1.0,0.016923391207830207,0.038274356266238076,0.02247490434878347,1.0,0.08,6.0,1.0,0.05826412508288286,0.09535519774761032,0.06805717739081055,0.8333333333333334,0.12
17_ood_low_friction_mu_0p055_long_zone_p2l_v2:0115,17_ood_low_friction_mu_0p055_long_zone_p2l_v2,34.55599999999992,34.95599999999992,20.0,1.0,0.3602888663556929,0.36762102094261717,0.3603383680594917,0.0,0.06,20.0,1.0,0.0025767519815479683,0.004292977413900188,0.0029884848831226414,1.0,0.08,40.0,1.0,0.002451238955945223,0.00844278710174129,0.005197025738733316,1.0,0.08,6.0,1.0,0.03060026618206083,0.048417199286034544,0.03530747535350207,1.0,0.12
17_ood_low_friction_mu_0p055_long_zone_p2l_v2:0116,17_ood_low_friction_mu_0p055_long_zone_p2l_v2,34.755999999999915,35.15599999999991,20.0,1.0,0.33274458628101394,0.38680533153900015,0.34769486090335333,0.1,0.06,20.0,1.0,0.008823172822764694,0.021108611496931395,0.01163745161473386,1.0,0.08,40.0,1.0,0.0008290045233542173,0.0012218805108954152,0.0013906722980062155,1.0,0.08,6.0,1.0,0.019996354901467644,0.03905719136148393,0.025089248686024863,1.0,0.12
17_ood_low_friction_mu_0p055_long_zone_p2l_v2:0117,17_ood_low_friction_mu_0p055_long_zone_p2l_v2,34.95599999999992,35.355999999999916,20.0,1.0,0.16405890211021915,0.38680533153900015,0.233871604062603,0.6,0.06,20.0,1.0,0.014185551230595117,0.023751502815885478,0.015946431207738265,1.0,0.08,40.0,1.0,0.002234109077215726,0.0047080744498739745,0.003074066120028444,1.0,0.08,6.0,1.0,0.020570690760718654,0.034310095605321785,0.02394360294497698,1.0,0.12
